<hardwarelist>
	<hardware name="iPod2,1" model="N72AP" description="iPod Touch 2G">
		<firmware version="3.1.1" build="7C145" />
		<firmware version="3.1.2" build="7D11" />
		<firmware version="3.1.3" build="7E18" />
		<firmware version="4.0" build="8A293" />
		<firmware version="4.0.2" build="8A400" />
		<firmware version="4.1" build="8B117" />
		<firmware version="4.2.1" build="8C148" />
		<firmware version="4.2b3" build="8C5115c" />
	</hardware>

	<hardware name="iPod3,1" model="N18AP" description="iPod Touch 3G">
		<firmware version="3.1.1" build="7C145" />
		<firmware version="3.1.2" build="7D11" />
		<firmware version="3.1.3" build="7E18" />
		<firmware version="4.0" build="8A293" />
		<firmware version="4.0.2" build="8A400" />
		<firmware version="4.1" build="8B117" />
		<firmware version="4.2.1" build="8C148" />
		<firmware version="4.2b3" build="8C5115c" />
		<firmware version="4.3" build="8F190" />
		<firmware version="4.3.1" build="8G4" />
		<firmware version="4.3.2" build="8H7" />
		<firmware version="4.3.3" build="8J2" />
		<firmware version="4.3.4" build="8K2" />
		<firmware version="4.3.5" build="8L1" />
		<firmware version="5.0" build="9A334" />
		<firmware version="5.0.1" build="9A405" />
		<firmware version="5.1" build="9B176" />
		<firmware version="5.1.1" build="9B206" />
	</hardware>

	<hardware name="iPod4,1" model="N81AP" description="iPod Touch 4G">
		<!--<firmware version="4.1" build="8B117" />-->
		<firmware version="4.1" build="8B118" />
		<firmware version="4.2.1" build="8C148" />
		<firmware version="4.2b3" build="8C5115c" />
		<firmware version="4.3" build="8F190" />
		<firmware version="4.3.1" build="8G4" />
		<firmware version="4.3.2" build="8H7" />
		<firmware version="4.3.3" build="8J2" />
		<firmware version="4.3.4" build="8K2" />
		<firmware version="4.3.5" build="8L1" />
		<firmware version="5.0" build="9A334" />
		<firmware version="5.0.1" build="9A405" />
		<firmware version="5.1" build="9B176" />
		<firmware version="5.1.1" build="9B206" />
		<firmware version="6.0" build="10A403" />
		<firmware version="6.0.1" build="10A523" />
		<firmware version="6.1" build="10B144" />
		<firmware version="6.1.2" build="10B146" />
		<firmware version="6.1.3" build="10B329" />
		<firmware version="6.1.5" build="10B400" />
		<firmware version="6.1.6" build="10B500" />
	</hardware>

	<hardware name="iPod5,1" model="N78AP" description="iPod Touch 5G">
		<firmware version="6.0" build="10A406" />
		<firmware version="6.0.1" build="10A523" />
		<firmware version="6.1" build="10B141" />
		<firmware version="6.1.2" build="10B146" />
		<firmware version="6.1.3" build="10B329" />
		<firmware version="7.0" build="11A465" />
		<firmware version="7.0.2" build="11A501" />
		<firmware version="7.0.3" build="11B511" />
		<firmware version="7.0.4" build="11B554a" />
		<firmware version="7.0.6" build="11B651" />
		<firmware version="7.1" build="11D167" />
		<firmware version="7.1.1" build="11D201" />
		<firmware version="7.1.2" build="11D257" />
		<firmware version="8.0" build="12A365" />
		<firmware version="8.0.1" build="12A402" />
		<firmware version="8.0.2" build="12A405" />
		<firmware version="8.1" build="12B410" />
		<firmware version="8.1.1" build="12B435" />
		<firmware version="8.1.2" build="12B440" />
		<firmware version="8.1.3" build="12B466" />
		<firmware version="8.2" build="12D508" />
		<firmware version="8.3" build="12F69" />
		<firmware version="8.4" build="12H143" />
		<firmware version="8.4.1" build="12H143" />
		<firmware version="9.0" build="13A344" />
		<firmware version="9.0.1" build="13A404" />
		<firmware version="9.0.2" build="13A452" />
		<firmware version="9.1" build="13B143" />
		<firmware version="9.2" build="13C75" />
		<firmware version="9.2.1" build="13D15" />
		<firmware version="9.3" build="13E233" />
		<firmware version="9.3" build="13E237" />
		<firmware version="9.3.1" build="13E238" />
		<firmware version="9.3.2" build="113F69" />
		<firmware version="9.3.3" build="13G34" />
		<firmware version="9.3.4" build="13G35" />
	</hardware>

	<hardware name="iPhone1,2" model="N82AP" description="iPhone 3G">
		<firmware version="4.0" build="8A293" />
		<firmware version="4.0.1" build="8A306" />
		<firmware version="4.0.2" build="8A400" />
		<firmware version="4.1" build="8B117" />
		<firmware version="4.2.1" build="8C148" />
		<firmware version="4.2b3" build="8C5115c" />
	</hardware>

	<hardware name="iPhone2,1" model="N88AP" description="iPhone 3GS">
		<firmware version="3.0" build="7A341" />
		<firmware version="3.0.1" build="7A400" />
		<firmware version="3.1" build="7C144" />
		<firmware version="3.1.2" build="7D11" />
		<firmware version="3.1.3" build="7E18" />
		<firmware version="4.0" build="8A293" />
		<firmware version="4.0.1" build="8A306" />
		<firmware version="4.0.2" build="8A400" />
		<firmware version="4.1" build="8B117" />
		<firmware version="4.2.1" build="8C148" />
		<firmware version="4.2b3" build="8C5115c" />
		<firmware version="4.3" build="8F190" />
		<firmware version="4.3.1" build="8G4" />
		<firmware version="4.3.2" build="8H7" />
		<firmware version="4.3.3" build="8J2" />
		<firmware version="4.3.4" build="8K2" />
		<firmware version="4.3.5" build="8L1" />
		<firmware version="5.0" build="9A334" />
		<firmware version="5.0.1" build="9A405" />
		<firmware version="5.1" build="9B176" />
		<firmware version="5.1.1" build="9B206" />
		<firmware version="6.0" build="10A403" />
		<firmware version="6.0.1" build="10A523" />
		<firmware version="6.1" build="10B141" />
		<firmware version="6.1.2" build="10B146" />
		<firmware version="6.1.3" build="10B329" />
		<firmware version="6.1.6" build="10B500" />
	</hardware>

	<hardware name="iPhone3,1" model="N90AP" description="iPhone 4">
		<firmware version="4.0" build="8A293" />
		<firmware version="4.0.1" build="8A306" />
		<firmware version="4.0.2" build="8A400" />
		<firmware version="4.1" build="8B117" />
		<firmware version="4.2.1" build="8C148a" />
		<firmware version="4.2b3" build="8C5115c" />
		<firmware version="4.3" build="8F190" />
		<firmware version="4.3.1" build="8G4" />
		<firmware version="4.3.2" build="8H7" />
		<firmware version="4.3.3" build="8J2" />
		<firmware version="4.3.4" build="8K2" />
		<firmware version="4.3.5" build="8L1" />
		<firmware version="5.0" build="9A334" />
		<firmware version="5.0.1" build="9A405" />
		<firmware version="5.1" build="9B176" />
		<firmware version="5.1.1" build="9B206" />
		<firmware version="6.0" build="10A403" />
		<firmware version="6.0.1" build="10A523" />
		<firmware version="6.1" build="10B144" />
		<firmware version="6.1.2" build="10B146" />
		<firmware version="6.1.3" build="10B329" />
		<firmware version="7.0" build="11A465" />
		<firmware version="7.0.2" build="11A501" />
		<firmware version="7.0.3" build="11B511" />
		<firmware version="7.0.4" build="11B554a" />
		<firmware version="7.0.6" build="11B651" />
		<firmware version="7.1" build="11D167" />
		<firmware version="7.1.1" build="11D201" />
		<firmware version="7.1.2" build="11D257" />
	</hardware>

	<hardware name="iPhone3,2" model="N60BAP" description="iPhone 4 (iPhone3,2)">
		<firmware version="6.0" build="10A403" />
		<firmware version="6.0.1" build="10A523" />
		<firmware version="6.1" build="10B144" />
		<firmware version="6.1.2" build="10B146" />
		<firmware version="6.1.3" build="10B329" />
		<firmware version="7.0" build="11A465" />
		<firmware version="7.0.2" build="11A501" />
		<firmware version="7.0.3" build="11B511" />
		<firmware version="7.0.4" build="11B554a" />
		<firmware version="7.0.6" build="11B651" />
		<firmware version="7.1" build="11D167" />
		<firmware version="7.1.1" build="11D201" />
		<firmware version="7.1.2" build="11D257" />
	</hardware>

	<hardware name="iPhone3,3" model="N92AP" description="iPhone 4 CDMA">
		<firmware version="4.2.6" build="8E200" />
		<firmware version="4.2.7" build="8E303" />
		<firmware version="4.2.8" build="8E401" />
		<firmware version="4.2.9" build="8E501" />
		<firmware version="4.2.10" build="8E600" />
		<firmware version="5.0" build="9A334" />
		<firmware version="5.0.1" build="9A405" />
		<firmware version="5.1" build="9B176" />
		<firmware version="5.1.1" build="9B206" />
		<firmware version="6.0" build="10A403" />
		<firmware version="6.0.1" build="10A523" />
		<firmware version="6.1" build="10B141" />
		<firmware version="6.1.2" build="10B146" />
		<firmware version="6.1.3" build="10B329" />
		<firmware version="7.0" build="11A465" />
		<firmware version="7.0.2" build="11A501" />
		<firmware version="7.0.3" build="11B511" />
		<firmware version="7.0.4" build="11B554a" />
		<firmware version="7.0.6" build="11B651" />
		<firmware version="7.1" build="11D167" />
		<firmware version="7.1.1" build="11D201" />
		<firmware version="7.1.2" build="11D257" />
	</hardware>

	<hardware name="iPhone4,1" model="N94AP" description="iPhone 4S">
		<firmware version="5.0" build="9A334" />
		<firmware version="5.0.1" build="9A405" />
		<firmware version="5.1" build="9B179" />
		<firmware version="5.1.1" build="9B206" />
		<firmware version="6.0" build="10A403" />
		<firmware version="6.0.1" build="10A523" />
		<firmware version="6.1" build="10B142" />
		<firmware version="6.1.1" build="10B145" />
		<firmware version="6.1.2" build="10B146" />
		<firmware version="6.1.3" build="10B329" />
		<firmware version="7.0" build="11A465" />
		<firmware version="7.0.2" build="11A501" />
		<firmware version="7.0.3" build="11B511" />
		<firmware version="7.0.4" build="11B554a" />
		<firmware version="7.0.6" build="11B651" />
		<firmware version="7.1" build="11D167" />
		<firmware version="7.1.1" build="11D201" />
		<firmware version="7.1.2" build="11D257" />
		<firmware version="8.0" build="12A365" />
		<firmware version="8.0.1" build="12A402" />
		<firmware version="8.0.2" build="12A405" />
		<firmware version="8.1" build="12B410" />
		<firmware version="8.1.1" build="12B435" />
		<firmware version="8.1.2" build="12B440" />
		<firmware version="8.1.3" build="12B466" />
		<firmware version="8.2" build="12D508" />
		<firmware version="8.3" build="12F70" />
		<firmware version="8.4" build="12H143" />
		<firmware version="8.4.1" build="12H143" />
		<firmware version="9.0" build="13A344" />
		<firmware version="9.0.1" build="13A404" />
		<firmware version="9.0.2" build="13A452" />
		<firmware version="9.1" build="13B143" />
		<firmware version="9.2" build="13C75" />
		<firmware version="9.2.1" build="13D15" />
		<firmware version="9.3" build="13E233" />
		<firmware version="9.3" build="13E237" />
		<firmware version="9.3.1" build="13E238" />
		<firmware version="9.3.2" build="113F69" />
		<firmware version="9.3.3" build="13G34" />
		<firmware version="9.3.4" build="13G35" />
	</hardware>

	<hardware name="iPhone5,1" model="N41AP" description="iPhone 5 GSM">
		<firmware version="6.0" build="10A405" />
		<firmware version="6.0.1" build="10A525" />
		<firmware version="6.0.2" build="10A551" />
		<firmware version="6.1" build="10B143" />
		<firmware version="6.1.2" build="10B146" />
		<firmware version="6.1.3" build="10B329" />
		<firmware version="6.1.4" build="10B350" />
		<firmware version="7.0" build="11A465" />
		<firmware version="7.0.2" build="11A501" />
		<firmware version="7.0.3" build="11B511" />
		<firmware version="7.0.4" build="11B554a" />
		<firmware version="7.0.6" build="11B651" />
		<firmware version="7.1" build="11D167" />
		<firmware version="7.1.1" build="11D201" />
		<firmware version="7.1.2" build="11D257" />
		<firmware version="8.0" build="12A365" />
		<firmware version="8.0.1" build="12A402" />
		<firmware version="8.0.2" build="12A405" />
		<firmware version="8.1" build="12B410" />
		<firmware version="8.1.1" build="12B435" />
		<firmware version="8.1.2" build="12B440" />
		<firmware version="8.1.3" build="12B466" />
		<firmware version="8.2" build="12D508" />
		<firmware version="8.3" build="12F70" />
		<firmware version="8.4" build="12H143" />
		<firmware version="8.4.1" build="12H143" />
		<firmware version="9.0" build="13A344" />
		<firmware version="9.0.1" build="13A404" />
		<firmware version="9.0.2" build="13A452" />
		<firmware version="9.1" build="13B143" />
		<firmware version="9.2" build="13C75" />
		<firmware version="9.2.1" build="13D15" />
		<firmware version="9.3" build="13E233" />
		<firmware version="9.3" build="13E237" />
		<firmware version="9.3.1" build="13E238" />
		<firmware version="9.3.2" build="113F69" />
		<firmware version="9.3.3" build="13G34" />
		<firmware version="9.3.4" build="13G35" />
	</hardware>

	<hardware name="iPhone5,2" model="N42AP" description="iPhone 5 Global">
		<firmware version="6.0" build="10A405" />
		<firmware version="6.0.1" build="10A525" />
		<firmware version="6.0.2" build="10A551" />
		<firmware version="6.1" build="10B143" />
		<firmware version="6.1.2" build="10B146" />
		<firmware version="6.1.3" build="10B329" />
		<firmware version="6.1.4" build="10B350" />
		<firmware version="7.0" build="11A465" />
		<firmware version="7.0.2" build="11A501" />
		<firmware version="7.0.3" build="11B511" />
		<firmware version="7.0.4" build="11B554a" />
		<firmware version="7.0.6" build="11B651" />
		<firmware version="7.1" build="11D167" />
		<firmware version="7.1.1" build="11D201" />
		<firmware version="7.1.2" build="11D257" />
		<firmware version="8.0" build="12A365" />
		<firmware version="8.0.1" build="12A402" />
		<firmware version="8.0.2" build="12A405" />
		<firmware version="8.1" build="12B410" />
		<firmware version="8.1.1" build="12B435" />
		<firmware version="8.1.2" build="12B440" />
		<firmware version="8.1.3" build="12B466" />
		<firmware version="8.2" build="12D508" />
		<firmware version="8.3" build="12F70" />
		<firmware version="8.4" build="12H143" />
		<firmware version="8.4.1" build="12H143" />
		<firmware version="9.0" build="13A344" />
		<firmware version="9.0.1" build="13A404" />
		<firmware version="9.0.2" build="13A452" />
		<firmware version="9.1" build="13B143" />
		<firmware version="9.2" build="13C75" />
		<firmware version="9.2.1" build="13D15" />
		<firmware version="9.3" build="13E233" />
		<firmware version="9.3" build="13E237" />
		<firmware version="9.3.1" build="13E238" />
		<firmware version="9.3.2" build="113F69" />
		<firmware version="9.3.3" build="13G34" />
		<firmware version="9.3.4" build="13G35" />
	</hardware>

	<hardware name="iPhone5,3" model="N48AP" description="iPhone 5C N48AP ">
		<firmware version="7.0" build="11A465" />
		<firmware version="7.0.2" build="11A501" />
		<firmware version="7.0.3" build="11B511" />
		<firmware version="7.0.4" build="11B554a" />
		<firmware version="7.0.6" build="11B651" />
		<firmware version="7.1" build="11D167" />
		<firmware version="7.1.1" build="11D201" />
		<firmware version="7.1.2" build="11D257" />
		<firmware version="8.0" build="12A365" />
		<firmware version="8.0.1" build="12A402" />
		<firmware version="8.0.2" build="12A405" />
		<firmware version="8.1" build="12B410" />
		<firmware version="8.1.1" build="12B435" />
		<firmware version="8.1.2" build="12B440" />
		<firmware version="8.1.3" build="12B466" />
		<firmware version="8.2" build="12D508" />
		<firmware version="8.3" build="12F70" />
		<firmware version="8.4" build="12H143" />
		<firmware version="8.4.1" build="12H143" />
		<firmware version="9.0" build="13A344" />
		<firmware version="9.0.1" build="13A404" />
		<firmware version="9.0.2" build="13A452" />
		<firmware version="9.1" build="13B143" />
		<firmware version="9.2" build="13C75" />
		<firmware version="9.2.1" build="13D15" />
		<firmware version="9.3" build="13E233" />
		<firmware version="9.3" build="13E237" />
		<firmware version="9.3.1" build="13E238" />
		<firmware version="9.3.2" build="113F69" />
		<firmware version="9.3.3" build="13G34" />
		<firmware version="9.3.4" build="13G35" />
	</hardware>

	<hardware name="iPhone5,4" model="N49AP" description="iPhone 5C N49AP">
		<firmware version="7.0" build="11A465" />
		<firmware version="7.0.2" build="11A501" />
		<firmware version="7.0.3" build="11B511" />
		<firmware version="7.0.4" build="11B554a" />
		<firmware version="7.0.6" build="11B651" />
		<firmware version="7.1" build="11D167" />
		<firmware version="7.1.1" build="11D201" />
		<firmware version="7.1.2" build="11D257" />
		<firmware version="8.0" build="12A365" />
		<firmware version="8.0.1" build="12A402" />
		<firmware version="8.0.2" build="12A405" />
		<firmware version="8.1" build="12B410" />
		<firmware version="8.1.1" build="12B435" />
		<firmware version="8.1.2" build="12B440" />
		<firmware version="8.1.3" build="12B466" />
		<firmware version="8.2" build="12D508" />
		<firmware version="8.3" build="12F70" />
		<firmware version="8.4" build="12H143" />
		<firmware version="8.4.1" build="12H143" />
		<firmware version="9.0" build="13A344" />
		<firmware version="9.0.1" build="13A404" />
		<firmware version="9.0.2" build="13A452" />
		<firmware version="9.1" build="13B143" />
		<firmware version="9.2" build="13C75" />
		<firmware version="9.2.1" build="13D15" />
		<firmware version="9.3" build="13E233" />
		<firmware version="9.3" build="13E237" />
		<firmware version="9.3.1" build="13E238" />
		<firmware version="9.3.2" build="113F69" />
		<firmware version="9.3.3" build="13G34" />
		<firmware version="9.3.4" build="13G35" />
	</hardware>

	<hardware name="iPhone6,1" model="N51AP" description="iPhone 5S N51AP">
		<firmware version="7.0.2" build="11A501" />
		<firmware version="7.0.3" build="11B511" />
		<firmware version="7.0.4" build="11B554a" />
		<firmware version="7.0.6" build="11B651" />
		<firmware version="7.1" build="11D167" />
		<firmware version="7.1.1" build="11D201" />
		<firmware version="7.1.2" build="11D257" />
		<firmware version="8.0" build="12A365" />
		<firmware version="8.0.1" build="12A402" />
		<firmware version="8.0.2" build="12A405" />
		<firmware version="8.1" build="12B410" />
		<firmware version="8.1.1" build="12B435" />
		<firmware version="8.1.2" build="12B440" />
		<firmware version="8.1.3" build="12B466" />
		<firmware version="8.2" build="12D508" />
		<firmware version="8.3" build="12F70" />
		<firmware version="8.4" build="12H143" />
		<firmware version="8.4.1" build="12H143" />
		<firmware version="9.0" build="13A344" />
		<firmware version="9.0.1" build="13A404" />
		<firmware version="9.0.2" build="13A452" />
		<firmware version="9.1" build="13B143" />
		<firmware version="9.2" build="13C75" />
		<firmware version="9.2.1" build="13D15" />
		<firmware version="9.3" build="13E233" />
		<firmware version="9.3" build="13E237" />
		<firmware version="9.3.1" build="13E238" />
		<firmware version="9.3.2" build="113F69" />
		<firmware version="9.3.3" build="13G34" />
		<firmware version="9.3.4" build="13G35" />
	</hardware>

	<hardware name="iPhone6,2" model="N53AP" description="iPhone 5S N53AP">
		<firmware version="7.0.2" build="11A501" />
		<firmware version="7.0.3" build="11B511" />
		<firmware version="7.0.4" build="11B554a" />
		<firmware version="7.0.6" build="11B651" />
		<firmware version="7.1" build="11D167" />
		<firmware version="7.1.1" build="11D201" />
		<firmware version="7.1.2" build="11D257" />
		<firmware version="8.0" build="12A365" />
		<firmware version="8.0.1" build="12A402" />
		<firmware version="8.0.2" build="12A405" />
		<firmware version="8.1" build="12B410" />
		<firmware version="8.1.1" build="12B435" />
		<firmware version="8.1.2" build="12B440" />
		<firmware version="8.1.3" build="12B466" />
		<firmware version="8.2" build="12D508" />
		<firmware version="8.3" build="12F70" />
		<firmware version="8.4" build="12H143" />
		<firmware version="8.4.1" build="12H143" />
		<firmware version="9.0" build="13A344" />
		<firmware version="9.0.1" build="13A404" />
		<firmware version="9.0.2" build="13A452" />
		<firmware version="9.1" build="13B143" />
		<firmware version="9.2" build="13C75" />
		<firmware version="9.2.1" build="13D15" />
		<firmware version="9.3" build="13E233" />
		<firmware version="9.3" build="13E237" />
		<firmware version="9.3.1" build="13E238" />
		<firmware version="9.3.2" build="113F69" />
		<firmware version="9.3.3" build="13G34" />
		<firmware version="9.3.4" build="13G35" />
	</hardware>

<hardware name="iPhone7,2" model="n61AP" description="iPhone 6">
	<firmware version="8.0" build="12A365" />
		<firmware version="8.0.1" build="12A402" />
		<firmware version="8.0.2" build="12A405" />
		<firmware version="8.1" build="12B410" />
		<firmware version="8.1.1" build="12B435" />
		<firmware version="8.1.2" build="12B440" />
		<firmware version="8.1.3" build="12B466" />
		<firmware version="8.2" build="12D508" />
		<firmware version="8.3" build="12F70" />
		<firmware version="8.4" build="12H143" />
		<firmware version="8.4.1" build="12H143" />
		<firmware version="9.0" build="13A344" />
		<firmware version="9.0.1" build="13A404" />
		<firmware version="9.0.2" build="13A452" />
		<firmware version="9.1" build="13B143" />
		<firmware version="9.2" build="13C75" />
		<firmware version="9.2.1" build="13D15" />
		<firmware version="9.3" build="13E233" />
		<firmware version="9.3" build="13E237" />
		<firmware version="9.3.1" build="13E238" />
		<firmware version="9.3.2" build="113F69" />
		<firmware version="9.3.3" build="13G34" />
		<firmware version="9.3.4" build="13G35" />
		<firmware version="10.2.1" build="14D27" />
	</hardware>
	
	<hardware name="iPad1,1" model="K48AP" description="iPad">
		<firmware version="3.2" build="7B367" />
		<firmware version="3.2.1" build="7B405" />
		<firmware version="3.2.2" build="7B500" />
		<firmware version="4.2.1" build="8C148" />
		<firmware version="4.2b3" build="8C5115c" />
		<firmware version="4.3" build="8F190" />
		<firmware version="4.3.1" build="8G4" />
		<firmware version="4.3.2" build="8H7" />
		<firmware version="4.3.3" build="8J3" />
		<firmware version="4.3.4" build="8K2" />
		<firmware version="4.3.5" build="8L1" />
		<firmware version="5.0" build="9A334" />
		<firmware version="5.0.1" build="9A405" />
		<firmware version="5.1" build="9B176" />
		<firmware version="5.1.1" build="9B206" />
	</hardware>
	
	<hardware name="iPad2,1" model="K93AP" description="iPad 2 WiFi">
		<firmware version="4.3" build="8F191" />
		<firmware version="4.3.1" build="8G4" />
		<firmware version="4.3.2" build="8H7" />
		<firmware version="4.3.3" build="8J2" />
		<firmware version="4.3.4" build="8K2" />
		<firmware version="4.3.5" build="8L1" />
		<firmware version="5.0" build="9A334" />
		<firmware version="5.0.1" build="9A405" />
		<firmware version="5.1" build="9B176" />
		<firmware version="5.1.1" build="9B206" />
		<firmware version="6.0" build="10A403" />
		<firmware version="6.0.1" build="10A523" />
		<firmware version="6.1" build="10B141" />
		<firmware version="6.1.2" build="10B146" />
		<firmware version="6.1.3" build="10B329" />
		<firmware version="7.0" build="11A465" />
		<firmware version="7.0.2" build="11A501" />
		<firmware version="7.0.3" build="11B511" />
		<firmware version="7.0.4" build="11B554a" />
		<firmware version="7.0.6" build="11B651" />
		<firmware version="7.1" build="11D167" />
		<firmware version="7.1.1" build="11D201" />
		<firmware version="7.1.2" build="11D257" />
		<firmware version="8.0" build="12A365" />
		<firmware version="8.0.1" build="12A402" />
		<firmware version="8.0.2" build="12A405" />
		<firmware version="8.1" build="12B410" />
		<firmware version="8.1.1" build="12B435" />
		<firmware version="8.1.2" build="12B440" />
		<firmware version="8.1.3" build="12B466" />
		<firmware version="8.2" build="12D508" />
		<firmware version="8.3" build="12F69" />
		<firmware version="8.4" build="12H143" />
		<firmware version="8.4.1" build="12H143" />
		<firmware version="9.0" build="13A344" />
		<firmware version="9.0.1" build="13A404" />
		<firmware version="9.0.2" build="13A452" />
		<firmware version="9.1" build="13B143" />
		<firmware version="9.2" build="13C75" />
		<firmware version="9.2.1" build="13D15" />
		<firmware version="9.3" build="13E233" />
		<firmware version="9.3" build="13E237" />
		<firmware version="9.3.1" build="13E238" />
		<firmware version="9.3.2" build="113F69" />
		<firmware version="9.3.3" build="13G34" />
		<firmware version="9.3.4" build="13G35" />
	</hardware>
	
	<hardware name="iPad2,2" model="K94AP" description="iPad 2 GSM">
		<firmware version="4.3" build="8F191" />
		<firmware version="4.3.1" build="8G4" />
		<firmware version="4.3.2" build="8H7" />
		<firmware version="4.3.3" build="8J2" />
		<firmware version="4.3.4" build="8K2" />
		<firmware version="4.3.5" build="8L1" />
		<firmware version="5.0" build="9A334" />
		<firmware version="5.0.1" build="9A405" />
		<firmware version="5.1" build="9B176" />
		<firmware version="5.1.1" build="9B206" />
		<firmware version="6.0" build="10A403" />
		<firmware version="6.0.1" build="10A523" />
		<firmware version="6.1" build="10B141" />
		<firmware version="6.1.2" build="10B146" />
		<firmware version="6.1.3" build="10B329" />
		<firmware version="7.0" build="11A465" />
		<firmware version="7.0.2" build="11A501" />
		<firmware version="7.0.3" build="11B511" />
		<firmware version="7.0.4" build="11B554a" />
		<firmware version="7.0.6" build="11B651" />
		<firmware version="7.1" build="11D167" />
		<firmware version="7.1.1" build="11D201" />
		<firmware version="7.1.2" build="11D257" />
		<firmware version="8.0" build="12A365" />
		<firmware version="8.0.1" build="12A402" />
		<firmware version="8.0.2" build="12A405" />
		<firmware version="8.1" build="12B410" />
		<firmware version="8.1.1" build="12B435" />
		<firmware version="8.1.2" build="12B440" />
		<firmware version="8.1.3" build="12B466" />
		<firmware version="8.2" build="12D508" />
		<firmware version="8.3" build="12F69" />
		<firmware version="8.4" build="12H143" />
		<firmware version="8.4.1" build="12H143" />
		<firmware version="9.0" build="13A344" />
		<firmware version="9.0.1" build="13A404" />
		<firmware version="9.0.2" build="13A452" />
		<firmware version="9.1" build="13B143" />
		<firmware version="9.2" build="13C75" />
		<firmware version="9.2.1" build="13D15" />
		<firmware version="9.3" build="13E233" />
		<firmware version="9.3" build="13E236" />
		<firmware version="9.3.1" build="13E238" />
		<firmware version="9.3.2" build="113F69" />
		<firmware version="9.3.3" build="13G34" />
		<firmware version="9.3.4" build="13G35" />
	</hardware>
	
	<hardware name="iPad2,3" model="k95AP" description="iPad 2 CDMA">
		<firmware version="4.3" build="8F191" />
		<firmware version="4.3.1" build="8G4" />
		<firmware version="4.3.2" build="8H8" />
		<firmware version="4.3.3" build="8J2" />
		<firmware version="4.3.4" build="8K2" />
		<firmware version="4.3.5" build="8L1" />
		<firmware version="5.0" build="9A334" />
		<firmware version="5.0.1" build="9A405" />
		<firmware version="5.1" build="9B176" />
		<firmware version="5.1.1" build="9B206" />
		<firmware version="6.0" build="10A403" />
		<firmware version="6.0.1" build="10A523" />
		<firmware version="6.1" build="10B141" />
		<firmware version="6.1.2" build="10B146" />
		<firmware version="6.1.3" build="10B329" />
		<firmware version="7.0" build="11A465" />
		<firmware version="7.0.2" build="11A501" />
		<firmware version="7.0.3" build="11B511" />
		<firmware version="7.0.4" build="11B554a" />
		<firmware version="7.0.6" build="11B651" />
		<firmware version="7.1" build="11D167" />
		<firmware version="7.1.1" build="11D201" />
		<firmware version="7.1.2" build="11D257" />
		<firmware version="8.0" build="12A365" />
		<firmware version="8.0.1" build="12A402" />
		<firmware version="8.0.2" build="12A405" />
		<firmware version="8.1" build="12B410" />
		<firmware version="8.1.1" build="12B435" />
		<firmware version="8.1.2" build="12B440" />
		<firmware version="8.1.3" build="12B466" />
		<firmware version="8.2" build="12D508" />
		<firmware version="8.3" build="12F69" />
		<firmware version="8.4" build="12H143" />
		<firmware version="8.4.1" build="12H143" />
		<firmware version="9.0" build="13A344" />
		<firmware version="9.0.1" build="13A404" />
		<firmware version="9.0.2" build="13A452" />
		<firmware version="9.1" build="13B143" />
		<firmware version="9.2" build="13C75" />
		<firmware version="9.2.1" build="13D15" />
		<firmware version="9.3" build="13E233" />
		<firmware version="9.3" build="13E237" />
		<firmware version="9.3.1" build="13E238" />
		<firmware version="9.3.2" build="113F69" />
		<firmware version="9.3.3" build="13G34" />
		<firmware version="9.3.4" build="13G35" />
	</hardware>

	<hardware name="iPad2,4" model="k93AAP" description="iPad 2 WiFi (iPad2,4)">
		<firmware version="5.1" build="9B176" />
		<firmware version="5.1.1" build="9B206" />
		<firmware version="6.0" build="10A403" />
		<firmware version="6.0.1" build="10A523" />
		<firmware version="6.1" build="10B141" />
		<firmware version="6.1.2" build="10B146" />
		<firmware version="6.1.3" build="10B329" />
		<firmware version="7.0" build="11A465" />
		<firmware version="7.0.2" build="11A501" />
		<firmware version="7.0.3" build="11B511" />
		<firmware version="7.0.4" build="11B554a" />
		<firmware version="7.0.6" build="11B651" />
		<firmware version="7.1" build="11D167" />
		<firmware version="7.1.1" build="11D201" />
		<firmware version="7.1.2" build="11D257" />
		<firmware version="8.0" build="12A365" />
		<firmware version="8.0.1" build="12A402" />
		<firmware version="8.0.2" build="12A405" />
		<firmware version="8.1" build="12B410" />
		<firmware version="8.1.1" build="12B435" />
		<firmware version="8.1.2" build="12B440" />
		<firmware version="8.1.3" build="12B466" />
		<firmware version="8.2" build="12D508" />
		<firmware version="8.3" build="12F69" />
		<firmware version="8.4" build="12H143" />
		<firmware version="8.4.1" build="12H143" />
		<firmware version="9.0" build="13A344" />
		<firmware version="9.0.1" build="13A404" />
		<firmware version="9.0.2" build="13A452" />
		<firmware version="9.1" build="13B143" />
		<firmware version="9.2" build="13C75" />
		<firmware version="9.2.1" build="13D15" />
		<firmware version="9.3" build="13E233" />
		<firmware version="9.3" build="13E237" />
		<firmware version="9.3.1" build="13E238" />
		<firmware version="9.3.2" build="113F69" />
		<firmware version="9.3.3" build="13G34" />
		<firmware version="9.3.4" build="13G35" />
	</hardware>

	<hardware name="iPad2,5" model="P105AP" description="iPad mini">
		<firmware version="6.0" build="10A406" />
		<firmware version="6.0.1" build="10A523" />
		<firmware version="6.0.2" build="10A550" />
		<firmware version="6.1" build="10B141" />
		<firmware version="6.1.2" build="10B146" />
		<firmware version="6.1.3" build="10B329" />
		<firmware version="7.0" build="11A465" />
		<firmware version="7.0.2" build="11A501" />
		<firmware version="7.0.3" build="11B511" />
		<firmware version="7.0.4" build="11B554a" />
		<firmware version="7.0.6" build="11B651" />
		<firmware version="7.1" build="11D167" />
		<firmware version="7.1.1" build="11D201" />
		<firmware version="7.1.2" build="11D257" />
		<firmware version="8.0" build="12A365" />
		<firmware version="8.0.1" build="12A402" />
		<firmware version="8.0.2" build="12A405" />
		<firmware version="8.1" build="12B410" />
		<firmware version="8.1.1" build="12B435" />
		<firmware version="8.1.2" build="12B440" />
		<firmware version="8.1.3" build="12B466" />
		<firmware version="8.2" build="12D508" />
		<firmware version="8.3" build="12F69" />
		<firmware version="8.4" build="12H143" />
		<firmware version="8.4.1" build="12H143" />
		<firmware version="9.0" build="13A344" />
		<firmware version="9.0.1" build="13A404" />
		<firmware version="9.0.2" build="13A452" />
		<firmware version="9.1" build="13B143" />
		<firmware version="9.2" build="13C75" />
		<firmware version="9.2.1" build="13D15" />
		<firmware version="9.3" build="13E233" />
		<firmware version="9.3" build="13E237" />
		<firmware version="9.3.1" build="13E238" />
		<firmware version="9.3.2" build="113F69" />
		<firmware version="9.3.3" build="13G34" />
		<firmware version="9.3.4" build="13G35" />
	</hardware>

	<hardware name="iPad2,6" model="P106AP" description="iPad mini GSM">
		<firmware version="6.0.1" build="10A8426" />
		<firmware version="6.0.2" build="10A8500" />
		<firmware version="6.1" build="10B141" />
		<firmware version="6.1.2" build="10B147" />
		<firmware version="6.1.3" build="10B329" />
		<firmware version="7.0" build="11A465" />
		<firmware version="7.0.2" build="11A501" />
		<firmware version="7.0.3" build="11B511" />
		<firmware version="7.0.4" build="11B554a" />
		<firmware version="7.0.6" build="11B651" />
		<firmware version="7.1" build="11D167" />
		<firmware version="7.1.1" build="11D201" />
		<firmware version="7.1.2" build="11D257" />
		<firmware version="8.0" build="12A365" />
		<firmware version="8.0.1" build="12A402" />
		<firmware version="8.0.2" build="12A405" />
		<firmware version="8.1" build="12B410" />
		<firmware version="8.1.1" build="12B435" />
		<firmware version="8.1.2" build="12B440" />
		<firmware version="8.1.3" build="12B466" />
		<firmware version="8.2" build="12D508" />
		<firmware version="8.3" build="12F69" />
		<firmware version="8.4" build="12H143" />
		<firmware version="8.4.1" build="12H143" />
		<firmware version="9.0" build="13A344" />
		<firmware version="9.0.1" build="13A404" />
		<firmware version="9.0.2" build="13A452" />
		<firmware version="9.1" build="13B143" />
		<firmware version="9.2" build="13C75" />
		<firmware version="9.2.1" build="13D15" />
		<firmware version="9.3" build="13E233" />
		<firmware version="9.3" build="13E237" />
		<firmware version="9.3.1" build="13E238" />
		<firmware version="9.3.2" build="113F69" />
		<firmware version="9.3.3" build="13G34" />
		<firmware version="9.3.4" build="13G35" />
	</hardware>

	<hardware name="iPad2,7" model="P107AP" description="iPad mini Global">
		<firmware version="6.0.1" build="10A8426" />
		<firmware version="6.0.2" build="10A8500" />
		<firmware version="6.1" build="10B144" />
		<firmware version="6.1.2" build="10B147" />
		<firmware version="6.1.3" build="10B329" />
		<firmware version="7.0" build="11A465" />
		<firmware version="7.0.2" build="11A501" />
		<firmware version="7.0.3" build="11B511" />
		<firmware version="7.0.4" build="11B554a" />
		<firmware version="7.0.6" build="11B651" />
		<firmware version="7.1" build="11D167" />
		<firmware version="7.1.1" build="11D201" />
		<firmware version="7.1.2" build="11D257" />
		<firmware version="8.0" build="12A365" />
		<firmware version="8.0.1" build="12A402" />
		<firmware version="8.0.2" build="12A405" />
		<firmware version="8.1" build="12B410" />
		<firmware version="8.1.1" build="12B435" />
		<firmware version="8.1.2" build="12B440" />
		<firmware version="8.1.3" build="12B466" />
		<firmware version="8.2" build="12D508" />
		<firmware version="8.3" build="12F69" />
		<firmware version="8.4" build="12H143" />
		<firmware version="8.4.1" build="12H143" />
		<firmware version="9.0" build="13A344" />
		<firmware version="9.0.1" build="13A404" />
		<firmware version="9.0.2" build="13A452" />
		<firmware version="9.1" build="13B143" />
		<firmware version="9.2" build="13C75" />
		<firmware version="9.2.1" build="13D15" />
		<firmware version="9.3" build="13E233" />
		<firmware version="9.3" build="13E237" />
		<firmware version="9.3.1" build="13E238" />
		<firmware version="9.3.2" build="113F69" />
		<firmware version="9.3.3" build="13G34" />
		<firmware version="9.3.4" build="13G35" />
	</hardware>

	<hardware name="iPad3,1" model="j1AP" description="iPad 3 WiFi">
		<firmware version="5.1" build="9B176" />
		<firmware version="5.1.1" build="9B206" />
		<firmware version="6.0" build="10A403" />
		<firmware version="6.0.1" build="10A523" />
		<firmware version="6.1" build="10B141" />
		<firmware version="6.1.2" build="10B146" />
		<firmware version="6.1.3" build="10B329" />
		<firmware version="7.0" build="11A465" />
		<firmware version="7.0.2" build="11A501" />
		<firmware version="7.0.3" build="11B511" />
		<firmware version="7.0.4" build="11B554a" />
		<firmware version="7.0.6" build="11B651" />
		<firmware version="7.1" build="11D167" />
		<firmware version="7.1.1" build="11D201" />
		<firmware version="7.1.2" build="11D257" />
		<firmware version="8.0" build="12A365" />
		<firmware version="8.0.1" build="12A402" />
		<firmware version="8.0.2" build="12A405" />
		<firmware version="8.1" build="12B410" />
		<firmware version="8.1.1" build="12B435" />
		<firmware version="8.1.2" build="12B440" />
		<firmware version="8.1.3" build="12B466" />
		<firmware version="8.2" build="12D508" />
		<firmware version="8.3" build="12F69" />
		<firmware version="8.4" build="12H143" />
		<firmware version="8.4.1" build="12H143" />
		<firmware version="9.0" build="13A344" />
		<firmware version="9.0.1" build="13A404" />
		<firmware version="9.0.2" build="13A452" />
		<firmware version="9.1" build="13B143" />
		<firmware version="9.2" build="13C75" />
		<firmware version="9.2.1" build="13D15" />
		<firmware version="9.3" build="13E233" />
		<firmware version="9.3" build="13E237" />
		<firmware version="9.3.1" build="13E238" />
		<firmware version="9.3.2" build="113F69" />
		<firmware version="9.3.3" build="13G34" />
		<firmware version="9.3.4" build="13G35" />
	</hardware>

	<hardware name="iPad3,2" model="j2AP" description="iPad 3 CDMA">
		<firmware version="5.1" build="9B176" />
		<firmware version="5.1.1" build="9B206" />
		<firmware version="6.0" build="10A403" />
		<firmware version="6.0.1" build="10A523" />
		<firmware version="6.1" build="10B141" />
		<firmware version="6.1.2" build="10B146" />
		<firmware version="6.1.3" build="10B329" />
		<firmware version="7.0" build="11A465" />
		<firmware version="7.0.2" build="11A501" />
		<firmware version="7.0.3" build="11B511" />
		<firmware version="7.0.4" build="11B554a" />
		<firmware version="7.0.6" build="11B651" />
		<firmware version="7.1" build="11D167" />
		<firmware version="7.1.1" build="11D201" />
		<firmware version="7.1.2" build="11D257" />
		<firmware version="8.0" build="12A365" />
		<firmware version="8.0.1" build="12A402" />
		<firmware version="8.0.2" build="12A405" />
		<firmware version="8.1" build="12B410" />
		<firmware version="8.1.1" build="12B435" />
		<firmware version="8.1.2" build="12B440" />
		<firmware version="8.1.3" build="12B466" />
		<firmware version="8.2" build="12D508" />
		<firmware version="8.3" build="12F69" />
		<firmware version="8.4" build="12H143" />
		<firmware version="8.4.1" build="12H143" />
		<firmware version="9.0" build="13A344" />
		<firmware version="9.0.1" build="13A404" />
		<firmware version="9.0.2" build="13A452" />
		<firmware version="9.1" build="13B143" />
		<firmware version="9.2" build="13C75" />
		<firmware version="9.2.1" build="13D15" />
		<firmware version="9.3" build="13E233" />
		<firmware version="9.3" build="13E237" />
		<firmware version="9.3.1" build="13E238" />
		<firmware version="9.3.2" build="113F69" />
		<firmware version="9.3.3" build="13G34" />
		<firmware version="9.3.4" build="13G35" />
	</hardware>

	<hardware name="iPad3,3" model="j2AAP" description="iPad 3 Global">
		<firmware version="5.1" build="9B176" />
		<firmware version="5.1.1" build="9B206" />
		<firmware version="6.0" build="10A403" />
		<firmware version="6.0.1" build="10A523" />
		<firmware version="6.1" build="10B141" />
		<firmware version="6.1.2" build="10B146" />
		<firmware version="6.1.3" build="10B329" />
		<firmware version="7.0" build="11A465" />
		<firmware version="7.0.2" build="11A501" />
		<firmware version="7.0.3" build="11B511" />
		<firmware version="7.0.4" build="11B554a" />
		<firmware version="7.0.6" build="11B651" />
		<firmware version="7.1" build="11D167" />
		<firmware version="7.1.1" build="11D201" />
		<firmware version="7.1.2" build="11D257" />
		<firmware version="8.0" build="12A365" />
		<firmware version="8.0.1" build="12A402" />
		<firmware version="8.0.2" build="12A405" />
		<firmware version="8.1" build="12B410" />
		<firmware version="8.1.1" build="12B435" />
		<firmware version="8.1.2" build="12B440" />
		<firmware version="8.1.3" build="12B466" />
		<firmware version="8.2" build="12D508" />
		<firmware version="8.3" build="12F69" />
		<firmware version="8.4" build="12H143" />
		<firmware version="8.4.1" build="12H143" />
		<firmware version="9.0" build="13A344" />
		<firmware version="9.0.1" build="13A404" />
		<firmware version="9.0.2" build="13A452" />
		<firmware version="9.1" build="13B143" />
		<firmware version="9.2" build="13C75" />
		<firmware version="9.2.1" build="13D15" />
		<firmware version="9.3" build="13E233" />
		<firmware version="9.3" build="13E237" />
		<firmware version="9.3.1" build="13E238" />
		<firmware version="9.3.2" build="113F69" />
		<firmware version="9.3.3" build="13G34" />
		<firmware version="9.3.4" build="13G35" />
	</hardware>

	<hardware name="iPad3,4" model="P101AP" description="iPad 4 WiFi">
		<firmware version="6.0.1" build="10A523" />
		<firmware version="6.1" build="10B141" />
		<firmware version="6.1.2" build="10B146" />
		<firmware version="6.1.3" build="10B329" />
		<firmware version="7.0" build="11A465" />
		<firmware version="7.0.2" build="11A501" />
		<firmware version="7.0.3" build="11B511" />
		<firmware version="7.0.4" build="11B554a" />
		<firmware version="7.0.6" build="11B651" />
		<firmware version="7.1" build="11D167" />
		<firmware version="7.1.1" build="11D201" />
		<firmware version="7.1.2" build="11D257" />
		<firmware version="8.0" build="12A365" />
		<firmware version="8.0.1" build="12A402" />
		<firmware version="8.0.2" build="12A405" />
		<firmware version="8.1" build="12B410" />
		<firmware version="8.1.1" build="12B435" />
		<firmware version="8.1.2" build="12B440" />
		<firmware version="8.1.3" build="12B466" />
		<firmware version="8.2" build="12D508" />
		<firmware version="8.3" build="12F69" />
		<firmware version="8.4" build="12H143" />
		<firmware version="8.4.1" build="12H143" />
		<firmware version="9.0" build="13A344" />
		<firmware version="9.0.1" build="13A404" />
		<firmware version="9.0.2" build="13A452" />
		<firmware version="9.1" build="13B143" />
		<firmware version="9.2" build="13C75" />
		<firmware version="9.2.1" build="13D15" />
		<firmware version="9.3" build="13E233" />
		<firmware version="9.3" build="13E237" />
		<firmware version="9.3.1" build="13E238" />
		<firmware version="9.3.2" build="113F69" />
		<firmware version="9.3.3" build="13G34" />
		<firmware version="9.3.4" build="13G35" />
	</hardware>

	<hardware name="iPad3,5" model="P102AP" description="iPad 4 GSM">
		<firmware version="6.1" build="10B141" />
		<firmware version="6.1.2" build="10B147" />
		<firmware version="6.1.3" build="10B329" />
		<firmware version="7.0" build="11A465" />
		<firmware version="7.0.2" build="11A501" />
		<firmware version="7.0.3" build="11B511" />
		<firmware version="7.0.4" build="11B554a" />
		<firmware version="7.0.6" build="11B651" />
		<firmware version="7.1" build="11D167" />
		<firmware version="7.1.1" build="11D201" />
		<firmware version="7.1.2" build="11D257" />
		<firmware version="8.0" build="12A365" />
		<firmware version="8.0.1" build="12A402" />
		<firmware version="8.0.2" build="12A405" />
		<firmware version="8.1" build="12B410" />
		<firmware version="8.1.1" build="12B435" />
		<firmware version="8.1.2" build="12B440" />
		<firmware version="8.1.3" build="12B466" />
		<firmware version="8.2" build="12D508" />
		<firmware version="8.3" build="12F69" />
		<firmware version="8.4" build="12H143" />
		<firmware version="8.4.1" build="12H143" />
		<firmware version="9.0" build="13A344" />
		<firmware version="9.0.1" build="13A404" />
		<firmware version="9.0.2" build="13A452" />
		<firmware version="9.1" build="13B143" />
		<firmware version="9.2" build="13C75" />
		<firmware version="9.2.1" build="13D15" />
		<firmware version="9.3" build="13E233" />
		<firmware version="9.3" build="13E237" />
		<firmware version="9.3.1" build="13E238" />
		<firmware version="9.3.2" build="113F69" />
		<firmware version="9.3.3" build="13G34" />
		<firmware version="9.3.4" build="13G35" />
	</hardware>

	<hardware name="iPad3,6" model="P103AP" description="iPad 4 Global">
		<firmware version="6.1" build="10B141" />
		<firmware version="6.1.2" build="10B146" />
		<firmware version="6.1.3" build="10B329" />
		<firmware version="7.0" build="11A465" />
		<firmware version="7.0.2" build="11A501" />
		<firmware version="7.0.3" build="11B511" />
		<firmware version="7.0.4" build="11B554a" />
		<firmware version="7.0.6" build="11B651" />
		<firmware version="7.1" build="11D167" />
		<firmware version="7.1.1" build="11D201" />
		<firmware version="7.1.2" build="11D257" />
		<firmware version="8.0" build="12A365" />
		<firmware version="8.0.1" build="12A402" />
		<firmware version="8.0.2" build="12A405" />
		<firmware version="8.1" build="12B410" />
		<firmware version="8.1.1" build="12B435" />
		<firmware version="8.1.2" build="12B440" />
		<firmware version="8.1.3" build="12B466" />
		<firmware version="8.2" build="12D508" />
		<firmware version="8.3" build="12F69" />
		<firmware version="8.4" build="12H143" />
		<firmware version="8.4.1" build="12H143" />
		<firmware version="9.0" build="13A344" />
		<firmware version="9.0.1" build="13A404" />
		<firmware version="9.0.2" build="13A452" />
		<firmware version="9.1" build="13B143" />
		<firmware version="9.2" build="13C75" />
		<firmware version="9.2.1" build="13D15" />
		<firmware version="9.3" build="13E233" />
		<firmware version="9.3" build="13E237" />
		<firmware version="9.3.1" build="13E238" />
		<firmware version="9.3.2" build="113F69" />
		<firmware version="9.3.3" build="13G34" />
		<firmware version="9.3.4" build="13G35" />
	</hardware>

	<hardware name="AppleTV2,1" model="K66AP" description="Apple TV 2G">
		<firmware version="4.1" build="8M89" />
		<firmware version="4.2" build="8C150" />
		<firmware version="4.2.1" build="8C154" />
		<firmware version="4.3" build="8F191m" />
		<firmware version="4.3.1" build="8F202" />
		<firmware version="4.4v" build="9A334v" />
		<firmware version="5.0" build="9B179b" />
		<firmware version="5.0.1" build="9B206f" />
		<firmware version="5.0.2" build="9B830" />
		<firmware version="5.1" build="10A406e" />
		<firmware version="5.1.1" build="10A831" />
		<firmware version="5.2" build="10B144b" />
	</hardware>

	<hardware name="AppleTV3,1" model="J33AP" description="Apple TV 3G">
		<firmware version="5.0" build="9B179b" />
		<firmware version="5.0.1" build="9B206f" />
		<firmware version="5.0.2" build="9B830" />
		<firmware version="5.1" build="10A406e" />
		<firmware version="5.1.1" build="10A831" />
		<firmware version="5.2" build="10B144b" />
	</hardware>

	<hardware name="AppleTV3,2" model="J33IAP" description="Apple TV 3G (AppleTV3,2)">
		<firmware version="5.2" build="10B144b" />
	</hardware>
</hardwarelist>
